Filename,y_true,y_pred,p0,p1,p2,p3,p4,p5,p6,p7,p8,true_class,pred_class
20161207-143344-0.jpg,7,8,0.01006414,0.012845772,0.00201352,0.24755693,0.0019774959,0.0043480274,0.0092695847,0.098905489,0.61301905,Snake weed,Negative
20170128-102632-0.jpg,8,1,0.00085900137,0.59193469,0.001501633,0.0070181599,0.0014372595,0.0013082294,0.0018204057,0.0013293094,0.39279131,Negative,Lantana
20170130-102525-0.jpg,1,8,0.017873958,0.037734207,0.0023592703,0.0019198721,0.0031251219,0.0030598608,0.0044981025,0.1551754,0.77425421,Lantana,Negative
20170130-102736-0.jpg,1,8,0.0044186972,0.41789844,0.002609251,0.00074424965,0.0016328367,0.0016303205,0.0012113465,0.0012132083,0.56864165,Lantana,Negative
20170207-153455-0.jpg,0,7,0.050651011,0.0018887378,0.00090611575,0.00077297505,0.00090076628,0.00081191842,0.00063167191,0.94254482,0.00089198426,Chinee apple,Snake weed
20170405-160310-0.jpg,8,0,0.94008927,0.001047548,0.0015771573,0.0024893305,0.0015205837,0.046958895,0.0012096476,0.0022273579,0.0028802054,Negative,Chinee apple
20170410-124556-0.jpg,0,8,0.27493998,0.0027663586,0.0021658747,0.0018918655,0.0012802401,0.0013673438,0.0011438979,0.0053872055,0.70905723,Chinee apple,Negative
20170501-144548-0.jpg,8,7,0.043955447,0.00099022879,0.0010488566,0.00069370948,0.0007703662,0.00090680019,0.00071905159,0.90844173,0.042473811,Negative,Snake weed
20170521-153419-0.jpg,1,7,0.00073557996,0.0014695032,0.00054961786,0.00072325031,0.00053638443,0.0009144169,0.00096943745,0.99304283,0.0010589787,Lantana,Snake weed
20170521-153505-0.jpg,1,7,0.00072810779,0.0031062175,0.00062386442,0.0005427053,0.00056510364,0.00079179156,0.00064519015,0.99175027,0.00124675,Lantana,Snake weed
20170630-153511-0.jpg,8,1,0.0010803661,0.98924026,0.00073993247,0.00097961577,0.0011360084,0.00083157268,0.00091516647,0.0025317613,0.0025453186,Negative,Lantana
20170630-155109-0.jpg,7,8,0.0050554101,0.001134419,0.002038335,0.0007158017,0.0012136103,0.0037219014,0.0012354782,0.040840024,0.94404502,Snake weed,Negative
20170630-155129-0.jpg,7,8,0.0021471572,0.0023347698,0.0014354617,0.00080980524,0.00097741961,0.0015685801,0.0013117095,0.004839505,0.98457559,Snake weed,Negative
20170704-153719-0.jpg,0,7,0.018365741,0.0038848648,0.0010775644,0.33129869,0.0013439101,0.0034360139,0.0030051321,0.48494346,0.15264463,Chinee apple,Snake weed
20170705-162401-0.jpg,7,8,0.012601935,0.00056691994,0.0012971127,0.0026736047,0.0013304606,0.0022063723,0.0015622259,0.090530161,0.88723121,Snake weed,Negative
20170705-162506-0.jpg,7,0,0.96919338,0.00041022642,0.00037949169,0.00028718685,0.001229002,0.00030494562,0.00054878115,0.024374053,0.0032729332,Snake weed,Chinee apple
20170705-162907-0.jpg,0,7,0.012003785,0.0009660796,0.0018183864,0.0060351086,0.0014111352,0.0011500477,0.001281921,0.94157285,0.033760687,Chinee apple,Snake weed
20170706-113305-0.jpg,7,8,0.00086911997,0.00083166514,0.00083630111,0.00080345203,0.00069489052,0.00079360946,0.00086552944,0.0034374339,0.990868,Snake weed,Negative
20170707-111904-0.jpg,0,8,0.026299879,0.0012390043,0.0022510889,0.0025348757,0.0057667791,0.0016009494,0.0021068396,0.30115762,0.65704296,Chinee apple,Negative
20170711-120643-0.jpg,0,8,0.0027037183,0.00039491175,0.0010002214,0.00048014868,0.00085012656,0.0011687042,0.00062001458,0.00065290557,0.99212925,Chinee apple,Negative
20170718-101135-2.jpg,0,7,0.16421299,0.012318729,0.0015658501,0.0084385105,0.001996603,0.002828041,0.0025833312,0.42258859,0.38346736,Chinee apple,Snake weed
20170718-131839-2.jpg,0,8,0.19604415,0.0050491049,0.0011838683,0.0039599186,0.35753393,0.0012286318,0.001609845,0.02961649,0.40377406,Chinee apple,Negative
20170718-133537-2.jpg,0,8,0.048754415,0.0006711669,0.0013788609,0.0019149835,0.0017939512,0.0010554051,0.0014258211,0.0012851784,0.94172022,Chinee apple,Negative
20170727-111533-3.jpg,4,2,0.00086831601,0.00046554979,0.94304778,0.0019956013,0.019405849,0.0019204503,0.0012190201,0.0012315659,0.029845869,Prickly acacia,Parkinsonia
20170727-152712-1.jpg,8,4,0.0013234524,0.0010075768,0.00083430439,0.00074644365,0.9808542,0.001064367,0.0013356009,0.00087219878,0.011961857,Negative,Prickly acacia
20170728-152608-1.jpg,8,4,0.0017911118,0.0018569538,0.032778415,0.26039513,0.59887553,0.0042031588,0.0040634177,0.0027049975,0.093331286,Negative,Prickly acacia
20170728-152828-1.jpg,8,4,0.00091450027,0.00072560334,0.15513858,0.0021043673,0.76080667,0.0012895085,0.0010368304,0.0032839608,0.074699977,Negative,Prickly acacia
20170728-152926-3.jpg,8,4,0.0023219401,0.0030965118,0.0020812139,0.0012316647,0.75820332,0.0025736532,0.0036227377,0.001603207,0.22526576,Negative,Prickly acacia
20170728-153235-3.jpg,8,4,0.0013842387,0.0018841736,0.001274326,0.0011439821,0.90575184,0.0017745144,0.0027189213,0.001496216,0.08257179,Negative,Prickly acacia
20170729-091822-2.jpg,8,4,0.00099888255,0.00075360503,0.00077765606,0.0012115228,0.98858057,0.0010939422,0.0011693424,0.00092351419,0.004490968,Negative,Prickly acacia
20170804-132513-1.jpg,1,8,0.0021548633,0.20507631,0.0017483833,0.0021817191,0.0032767771,0.0024482672,0.007093189,0.0018799309,0.77414056,Lantana,Negative
20170811-133725-1.jpg,0,8,0.010674936,0.005385126,0.0015379989,0.001325812,0.002271845,0.0023798028,0.0026991096,0.29828661,0.67543876,Chinee apple,Negative
20170811-163711-1.jpg,0,8,0.013873016,0.0004978993,0.0012151615,0.00095235613,0.0014947546,0.0013385824,0.001200665,0.22913741,0.75029016,Chinee apple,Negative
20170906-132157-1.jpg,3,2,0.00037225415,0.00046803427,0.95712633,0.005762499,0.024162981,0.00043143399,0.00036643326,0.00051859544,0.01079144,Parthenium,Parkinsonia
20170906-132328-1.jpg,3,2,0.0028686086,0.0011687802,0.89546066,0.074605958,0.00068790817,0.0013304503,0.0086701938,0.013064828,0.0021426156,Parthenium,Parkinsonia
20170920-134648-2.jpg,2,4,0.0017861381,0.0010573421,0.0041903133,0.0044107634,0.94410777,0.0015452073,0.0022625784,0.0018508818,0.038789005,Parkinsonia,Prickly acacia
20171102-093459-1.jpg,4,2,0.00034054603,0.00039586255,0.97741761,0.0043633135,0.0047581197,0.00041365238,0.00051911292,0.00057826559,0.011213517,Prickly acacia,Parkinsonia
20171102-095632-3.jpg,4,8,0.097561706,0.00075097389,0.0043297032,0.004692132,0.16694255,0.0013193688,0.0011992523,0.00081699835,0.72238732,Prickly acacia,Negative
20171102-100322-1.jpg,8,4,0.00069185943,0.0015856253,0.00098920358,0.043545751,0.94315497,0.00095058828,0.0011425417,0.0014045204,0.0065349409,Negative,Prickly acacia
20171102-100343-2.jpg,8,4,0.0016997126,0.001234496,0.0014992356,0.0023515573,0.97470398,0.001473525,0.0013488883,0.0012234241,0.014465177,Negative,Prickly acacia
20171102-100725-2.jpg,4,8,0.0012155538,0.0010960139,0.0046618935,0.2348445,0.19945393,0.0009584789,0.0015016572,0.0016131115,0.55465486,Prickly acacia,Negative
20171102-123002-2.jpg,2,8,0.30352656,0.006034482,0.094556153,0.0022225931,0.019601937,0.012059768,0.0018712336,0.0038738456,0.55625342,Parkinsonia,Negative
20171109-085448-2.jpg,5,8,0.0010848534,0.0040939959,0.0013093286,0.0018115172,0.0018636322,0.24699361,0.0013174191,0.0013598226,0.74016582,Rubber vine,Negative
20171113-060629-1.jpg,5,8,0.0015461306,0.00097697958,0.0013749241,0.0014890874,0.0015935048,0.16956482,0.0014953135,0.0016399021,0.82031934,Rubber vine,Negative
20171113-093432-1.jpg,5,8,0.0012395112,0.00052218713,0.0015007618,0.0012326843,0.0018680094,0.051431956,0.0013621109,0.0014983932,0.93934439,Rubber vine,Negative
20171113-101506-1.jpg,5,8,0.0010599198,0.00048467678,0.00067620844,0.0011305768,0.00084885404,0.004925196,0.00075282256,0.00094203737,0.98917971,Rubber vine,Negative
20171113-101809-1.jpg,5,8,0.0012931068,0.00095085084,0.00089681526,0.0018932548,0.0017409414,0.051224525,0.001318495,0.0011284885,0.93955352,Rubber vine,Negative
20171113-135825-1.jpg,6,1,0.0029774709,0.90654683,0.002077279,0.0018607186,0.0017861071,0.0019100218,0.067314217,0.0030460785,0.01248128,Siam weed,Lantana
20171113-150301-1.jpg,6,8,0.0013755808,0.00067323215,0.0009200719,0.0018648363,0.0014351178,0.0011584337,0.018191552,0.001315178,0.973066,Siam weed,Negative
20171201-120803-1.jpg,8,5,0.0016124995,0.0012965461,0.0011182942,0.0023244952,0.0013279376,0.61131914,0.0013697597,0.0031326053,0.37649872,Negative,Rubber vine
20171205-134151-2.jpg,8,0,0.86034672,0.026628882,0.0010508739,0.00042879679,0.00095178599,0.00089265411,0.00076533969,0.043921156,0.065013793,Negative,Chinee apple
20171205-144647-2.jpg,8,5,0.00035158624,0.0004912157,0.00035769465,0.00047735586,0.00031967494,0.99198137,0.0004476659,0.00063221592,0.0049412223,Negative,Rubber vine
20171205-144945-2.jpg,8,3,0.00093571851,0.0061117814,0.0012040301,0.64132739,0.0012932332,0.0020185214,0.0027576688,0.0021614561,0.3421902,Negative,Parthenium
20171217-183729-2.jpg,8,4,0.0011509353,0.0008073302,0.0011631356,0.001321838,0.92754547,0.00072795661,0.00069088667,0.002040964,0.064551488,Negative,Prickly acacia
20171218-115348-3.jpg,8,5,0.0010522279,0.00043713034,0.0011744266,0.0013585477,0.0011786803,0.72309838,0.0010584959,0.0017105399,0.26893158,Negative,Rubber vine
20171220-083324-2.jpg,8,7,0.0015150294,0.00096687521,0.00068443686,0.020428218,0.00067200727,0.00062784879,0.0010209541,0.941234,0.032850632,Negative,Snake weed
20171220-083928-2.jpg,8,3,0.0075256849,0.0037443595,0.0011843576,0.54497654,0.0010380841,0.00068576566,0.0013515082,0.010905435,0.42858826,Negative,Parthenium
20171220-090832-2.jpg,8,5,0.0012722468,0.0031670905,0.00070677758,0.0011302512,0.00076160092,0.86729188,0.0041539757,0.0019198392,0.11959633,Negative,Rubber vine
20171220-091052-2.jpg,8,5,0.00076865513,0.00029364185,0.00068671978,0.00078012899,0.000744015,0.9168585,0.00053245343,0.0010330868,0.078302797,Negative,Rubber vine
20171220-091952-2.jpg,8,1,0.0029403109,0.75599355,0.0030791791,0.002879608,0.0022627407,0.0071978485,0.0089734017,0.0035244429,0.21314892,Negative,Lantana
20171220-092024-2.jpg,8,1,0.0028551726,0.64857067,0.0010589418,0.00091132734,0.0011226461,0.0011270656,0.0012221603,0.0016731137,0.34145891,Negative,Lantana
20171220-100117-2.jpg,8,1,0.017089207,0.87009802,0.0014600147,0.00062935519,0.0015191668,0.0027314401,0.01223173,0.020516316,0.073724749,Negative,Lantana
20180105-092741-2.jpg,8,6,0.0026644292,0.0093959538,0.0015911206,0.0026233128,0.0018184679,0.0016630347,0.5214235,0.0044604719,0.45435971,Negative,Siam weed
20180105-093747-2.jpg,8,2,0.0013840311,0.0010991223,0.56646578,0.0012047855,0.0026335059,0.0012875246,0.0021763208,0.0024937338,0.42125519,Negative,Parkinsonia
20180109-070954-2.jpg,8,6,0.0010396605,0.001447416,0.00094667176,0.0009578938,0.0009877829,0.00069400421,0.98585726,0.00099326278,0.0070760493,Negative,Siam weed
20180109-072752-2.jpg,8,6,0.0018546894,0.00105818,0.0015411106,0.0024987885,0.0019738399,0.0011657465,0.85585585,0.0017782221,0.13227357,Negative,Siam weed
20180109-085325-2.jpg,8,7,0.0015661057,0.047167936,0.001049826,0.0052657808,0.0020026026,0.0017722882,0.0014296481,0.89800728,0.041738535,Negative,Snake weed
20180109-090307-2.jpg,8,0,0.52480318,0.00083381841,0.001821558,0.0031218626,0.0014773432,0.0019768738,0.0013207633,0.01943274,0.44521186,Negative,Chinee apple
20180109-094515-2.jpg,7,8,0.15874115,0.0019083462,0.0022578002,0.0014015642,0.0025773385,0.002787616,0.002774435,0.37579817,0.45175358,Snake weed,Negative
20180112-092211-2.jpg,8,0,0.76331603,0.00070467384,0.0020901092,0.00064554321,0.0015367718,0.0012199176,0.0014180833,0.0034758503,0.22559302,Negative,Chinee apple
20180119-105220-1.jpg,8,6,0.0012730015,0.0013126803,0.00079941001,0.00094804912,0.001164693,0.00096452672,0.90465784,0.0010141793,0.087865616,Negative,Siam weed
20180119-105952-2.jpg,8,7,0.0041562601,0.0071385215,0.0017819387,0.0012703483,0.0026410184,0.0033266604,0.0053619962,0.56631736,0.4080059,Negative,Snake weed
20180119-113900-2.jpg,8,1,0.0010470642,0.95176508,0.0013429457,0.0013552189,0.0012378125,0.0016272751,0.0012262994,0.0014500937,0.038948209,Negative,Lantana
20180125-130032-3.jpg,8,1,0.00066075263,0.98560051,0.00082787792,0.00080579636,0.0007963946,0.0006106456,0.0019839781,0.00048445381,0.0082295956,Negative,Lantana
20180125-131717-2.jpg,8,3,0.00093524547,0.0036541655,0.0011584274,0.88302369,0.001828036,0.00069669811,0.0013553761,0.0010638566,0.1062845,Negative,Parthenium
20180125-134626-3.jpg,8,4,0.0014739238,0.001227273,0.0019337744,0.0020893455,0.69362626,0.0018110132,0.004154119,0.0029791849,0.29070511,Negative,Prickly acacia
