train_loss,lr,epoch,val_loss,macro_f1,top1,train_seconds
1.048071908151231,9.847560975609756e-05,1,0.5179657730008153,0.7896063699598019,0.848900314195944,67.29193029000089
0.7574886550627103,9.804758750336013e-05,2,0.32016298220825684,0.9107953847520209,0.9263067694944301,67.85769692800022
0.6800827135036631,9.220332756879578e-05,3,0.3056877120601487,0.892963698851264,0.9205941159668666,70.82610114999989
0.6473807012889443,8.294000502746098e-05,4,0.26023529833025744,0.9267686263374384,0.9403027706369609,70.86495817700052
0.6186363023773926,7.100807918055428e-05,5,0.20153142683371855,0.9507505126036906,0.9600114253070551,70.08249479200094
0.5939061507219221,5.737420369829669e-05,6,0.21379316807372065,0.9420983843014616,0.9542987717794916,70.11849462899954
0.5722999924384966,4.314291408848116e-05,7,0.20671621767308704,0.9380790290487728,0.9522993430448443,70.80053778300135
0.556286002895454,2.9467144798556745e-05,8,0.19149293795853675,0.9505867418291759,0.9617252213653242,69.54518438500054
0.5381491743028164,1.7454825323461448e-05,9,0.19940677475023527,0.95651343853117,0.9648671808054842,70.52736390599966
0.5297886528438185,8.079122347052826e-06,10,0.17485847501831714,0.96251613368007,0.9720079977149386,70.06510942999921
0.5207378476312975,2.0995995650269274e-06,11,0.16648009345807951,0.9654078796338208,0.9737217937732077,71.3028466199994
0.5164465276388134,6.823515922183e-10,12,0.16476729197251527,0.9665976110507183,0.9745786918023421,69.09725526699913
